longitude,latitude,B2,B3,B4,B5,B6,B7,B8,B8A,B11,B12,VV,VH,total_carbon_stock
-6.054259556461559,4.967213941387253,0.0336362556859533,0.054077190896298,0.0370257029856773,0.1030841705076237,0.2237094467244249,0.2458192371561172,0.2554194058636401,0.2701049316563504,0.1231714091212191,0.0566935326793092,-6.913848153491443,-14.469604182655818,9.442
-6.059955466613286,4.968806030914792,0.03904898291359,0.0597351694384874,0.0458986017063765,0.0959558872537592,0.2003891091604354,0.2315855512174509,0.2370449988266169,0.2561725494593887,0.1335966951703116,0.0655600849475901,-8.937280652354426,-16.480512105056135,597.322
-5.578862556300356,5.104014028825765,0.0514544920017153,0.0665622867391271,0.0563613559798163,0.0945172029657889,0.2285204251817727,0.2813782282805038,0.2779340681888289,0.3033300005530907,0.1273208442507153,0.0657072019337092,-7.191034336702155,-13.939661096731657,911.503
-6.057777928605399,4.966936663800794,0.0322240308621304,0.0427814503632247,0.0371892074905147,0.0738574183195779,0.1281618036794622,0.1449663568520525,0.1367087715240996,0.1662005878620566,0.131640474030883,0.065263827468,-7.720455693829393,-15.092071252441084,17.324
-6.055671414663933,4.967307358122224,0.0321710665305279,0.0534848562314123,0.0352379867205059,0.1003235212374358,0.2170478039737885,0.2437692016312717,0.2408275815789066,0.2668464412745687,0.1175408636719341,0.0543080376186951,-7.527359425277401,-13.105116588463035,28.589
-6.100910148094519,4.963724130460439,0.0533919495735633,0.0781434748637474,0.0646399153175495,0.1171094943279937,0.2324800844414759,0.274310506602465,0.2637532190498659,0.2995299967416263,0.1428645747445397,0.0737964420311026,-6.580228099945799,-13.175917536844096,902.628
-6.092902186542934,4.962649371509562,0.5178425751872948,0.4999555491915791,0.4885184083882786,0.5064035623734839,0.5197429038691662,0.5360850707467478,0.5386897371521029,0.5346995033987302,0.4685721780608728,0.4271793036616585,-12.069532642808166,-18.797136635272484,693.986
-6.040175823929201,4.970121911015116,0.0317394580427087,0.0499232848451664,0.0342007616911774,0.0903413185406599,0.1888767990719757,0.2143427607217752,0.2142873837925638,0.2410008436814897,0.1323245558871948,0.0674929742959219,-7.130040589096314,-13.922020405735315,55.754
-6.059289223771483,4.968943716253,0.0441412294567641,0.0697478813829563,0.0493464401591632,0.1143673304278972,0.2299861423923807,0.259537454391435,0.2549873728873366,0.2816602962249417,0.1320088561561148,0.0654361448424347,-7.290476222043206,-13.404765098586596,1457.102
-6.057811453163079,4.967152738000202,0.0319499146231086,0.045460152211276,0.0361966157896214,0.0826490692630435,0.1504824015669613,0.166707612309359,0.1576705602976271,0.189106093924461,0.1274923852403756,0.0644054145579007,-7.856788387974454,-14.785127989417234,4.088
-6.044764645986261,4.9678672688587895,0.0412388553179926,0.0599024573940846,0.0497697874935249,0.0929918224086701,0.1879464840484878,0.2158210589092667,0.2119406786384219,0.2382692333626545,0.1308521184123168,0.068244195483246,-7.247142455633686,-13.695130839328575,2951.414
-6.046221169437512,4.96913554656857,0.0359644915656013,0.0493117797835651,0.0416423733298808,0.0824898315309468,0.1553114374184002,0.1782550881222142,0.1781613565476264,0.1993762679019217,0.1373525429201328,0.0714508475009667,-9.766032384292576,-14.403941220249266,527.388
-6.054709237451898,4.967200492241751,0.0310099654699306,0.0511850078623532,0.0336902903034343,0.0988846654342122,0.2233705314501383,0.2521014527324111,0.2575107346807671,0.2807895275026407,0.1107190798403254,0.0485891817166157,-7.43595726177302,-14.663419752424709,12.534
-6.058252355948585,4.967200802824628,0.0347680206648539,0.0517851943638673,0.0367381555010925,0.0912228450431234,0.1739733556692068,0.1911675129621565,0.1886825714506171,0.2111390849131013,0.1127124335963512,0.0534235197584288,-8.144936715721208,-16.734913200951418,33.941
-6.046148845562416,4.969805294154341,0.0295243037227965,0.0482778066069768,0.0335028690989384,0.093271899229615,0.2183481892830209,0.2468624471863614,0.2495125725299497,0.2747375571526556,0.1345363669820475,0.0645727416288249,-7.232144341517165,-14.791018444711138,974.397
-6.052757000033169,4.970591574394295,0.0305205084099355,0.050025508846393,0.0304162710589372,0.093431524995525,0.2306110145303153,0.2639299951872583,0.2626594970792027,0.2854000000882957,0.1100544904627032,0.0474294909165572,-7.558836877937866,-14.461102742981405,38.92
-6.037895379373994,4.968961308140535,0.0381769458282669,0.0578892563458677,0.0448293146754531,0.0933829101713377,0.1868286800339137,0.2150184394517525,0.2151290212337135,0.2357003356120509,0.1249721623490707,0.0630666243823248,-7.477204409910544,-15.069882998353393,831.07
-6.038332439352973,4.968850546091089,0.0366837289924351,0.0563056207783929,0.0449114535397528,0.0923714703381917,0.1850619148699187,0.2162014738619579,0.2184833450304283,0.2403245118217556,0.129918176482415,0.0669169891767348,-9.8869858203834,-15.694380200448302,3518.462
-6.063815576826733,4.970394426970829,0.0380582137350355,0.0602394165968006,0.0434859021520281,0.0987008051358472,0.238564225170796,0.2815244800705309,0.2849249833852532,0.3097546528599002,0.1241645236309558,0.0563211250296343,-5.810766998588876,-14.16277633649386,132.094
-6.05353648637994,4.970651454471515,0.029355630750163,0.0460025403683312,0.02872337039109,0.0852889062286332,0.2145695117799838,0.2438728244601419,0.2460968714210565,0.2677643580471026,0.1095837403426324,0.0473217622808336,-7.175841427638091,-13.42698186715673,34.485
-6.048819606153845,4.970020136328053,0.0459052544781717,0.0582965258066936,0.061499831613974,0.0977483906293824,0.1778505051666396,0.2062402514330411,0.1818986433289818,0.2355870371779142,0.2182757647487066,0.1306492374104968,-8.84733603055871,-15.25781952790035,67.475
-6.051992586790057,4.967156511928733,0.0347483404551414,0.0515362552347335,0.0397384678841905,0.0916553206710105,0.1866794056968486,0.2095885082255018,0.1971560851310161,0.2353257870800951,0.1264774458966357,0.060945106364311,-8.681674126020134,-15.833433254835109,148.126
-5.5800586975944215,5.100670132342229,0.0514095603518326,0.0741849411436547,0.0594257192588497,0.105796362782392,0.2297757214625475,0.26774636304318,0.2684458572600295,0.2884076138085319,0.1351154810810452,0.0722928927256371,-6.478413826732643,-12.217416906992677,777.908
-6.046963013519475,4.970362847080208,0.0273708120294154,0.047259982694224,0.0282521148396627,0.0940516089765251,0.2511980523262331,0.2905802841971167,0.2880824041094272,0.3221015205288499,0.1150699666119771,0.0459417931975043,-6.761156625997022,-14.797272973839355,1131.843
-6.039776685796358,4.968174688643207,0.0373729475214762,0.0598905168467411,0.0442576625468769,0.0990296793087471,0.2233506316330148,0.268315626164799,0.2587296385996226,0.2911909721242887,0.1332160051120327,0.0631766305521925,-6.521638390706745,-14.928587525031816,709.573
-6.046384325197309,4.967685479042431,0.03894018621362,0.0518763957800447,0.0457219117858436,0.0833661590282082,0.15258866265517,0.1715505059852616,0.1638072792963832,0.1944182748873222,0.1355985596196098,0.0708518629096284,-8.018375575988038,-13.39282169232907,298.057
-6.047445632144882,4.967641053972842,0.0396971875628597,0.049920204718806,0.0510890019100035,0.0777006813428997,0.1113482513175189,0.1220994034793167,0.1241607829636218,0.1442406650216581,0.1265098041102912,0.0630057955959467,-9.582604257000586,-18.37093787984008,37.008
-6.037924091225893,4.968538692808177,0.0367379571114484,0.0638768033545537,0.0459761653819056,0.1026699308106917,0.1952509780598455,0.2220956293883416,0.2223638671879246,0.2422980433732802,0.124229305958576,0.0617837996851649,-8.565397655382377,-14.85773937903469,512.923
-5.579808697609622,5.101540132316616,0.0436606592516054,0.0643856185228389,0.0555563455860425,0.0961275786388344,0.2224803679006555,0.2674525311301808,0.2596353707731073,0.2899449234434393,0.1297269853465448,0.068154650763963,-5.354763020682815,-12.77418942795083,1257.662
-5.579873921748132,5.103299412681281,0.0500382404528596,0.0661311333907639,0.0547340949729412,0.0940016930869287,0.2348055837773631,0.2859264731961862,0.2856649727688223,0.3063331617770461,0.1250418775199633,0.0634846006174983,-6.07599956368706,-14.042765626990072,2484.293
-6.058207135895502,4.966980229589194,0.032532288010974,0.0517240673903439,0.0350055086757924,0.0895630528108548,0.1708532214922419,0.1869457594924053,0.1970505105236829,0.2063299990559028,0.1117464396281767,0.0525598312649181,-7.309416215506714,-15.759356092167952,41.357
-6.043037667971362,4.968053099874105,0.0390786811645994,0.0642619158232465,0.0483755321990936,0.1019836159272396,0.1963507281338915,0.2205422513535682,0.2228677445016009,0.2433069824665151,0.1189366785769766,0.0598154884132933,-8.620515263660169,-14.940516357735849,525.678
-6.063416651463196,4.970198017229903,0.0371967373920951,0.0566273303765614,0.042838348022078,0.0939722024409447,0.2222771133406688,0.2625349167544962,0.2654414395785938,0.2875671240232759,0.1172902553010795,0.0550297449137699,-5.650787570290524,-12.235198153322331,229.789
-6.059881453914291,4.968325969593953,0.0293254456178706,0.0499017811281586,0.0308313830483126,0.0895839715479186,0.1837229019661289,0.2076927051011337,0.2128841389125438,0.2290472386877247,0.1028808310526826,0.0461706531986884,-9.989657435954276,-16.992585722513716,13.339
-6.101882224065478,4.964158223254049,0.0505484727532278,0.0755180835293792,0.0603664680613372,0.1047226662900937,0.2386025450174998,0.2981412658161137,0.2884696111310722,0.3188218101985587,0.14549932048256,0.0721524622550642,-7.559830339567857,-14.360166887727493,502.845
-5.579869016006226,5.101330224311607,0.0484104903411693,0.0658994089503175,0.0568047382958649,0.0989235175581248,0.2194009298323173,0.2631821470514772,0.2693663320540373,0.2842718371632942,0.1338523673980974,0.0706706436038925,-6.571226796674432,-11.994303390599818,1340.183
-6.0560809237964,4.966637168268588,0.0348499997013832,0.0538855921003525,0.0423250853825928,0.0970086421375557,0.1876432216899879,0.2056208493977279,0.1997300018445919,0.2255981353379912,0.1154824554541353,0.0567350018674791,-7.739466085540842,-15.266846601538523,80.053
-6.039591445661412,4.969304561402938,0.0316407972752441,0.0523197624999856,0.034634181548722,0.0946800661312007,0.1968480091260792,0.2234832048036973,0.2169813380289927,0.2452663314782329,0.1242026289620067,0.0599786271297699,-7.692427285238002,-14.342439664069458,167.013
-6.053181505442327,4.968392363002215,0.0308231812430618,0.0496671747624268,0.0313413707104506,0.0946423878890104,0.2407896786474334,0.2764653945987801,0.2686123506823166,0.2997247837672983,0.1130829928111909,0.0483102373520381,-7.514247334337391,-13.742746797170028,44.231
-6.063615282949569,4.970295812897815,0.0368700674391973,0.0551232001211913,0.0416155794980816,0.0916070266801053,0.2188191363914451,0.2572096190166917,0.2542966965469236,0.2821252218602978,0.1173740913310765,0.0565127443575838,-5.834774036946351,-13.095530490853914,307.717
-6.055378481960947,4.968401161469018,0.0297869157106215,0.0521525067127702,0.0307060320962128,0.1009096866671372,0.246216728941505,0.280495673544648,0.2772525064805451,0.3078416285113753,0.1140176703996747,0.0492254885209498,-7.415300568395631,-13.565010962122166,22.187
-6.063218003083748,4.970100213177125,0.0366569919637956,0.0567768651802661,0.0419158053158198,0.0941783479588516,0.2205734712340064,0.2570565303756019,0.2671341570630922,0.2806726735400951,0.116338771366972,0.0548497891684962,-6.465442964912396,-12.7980225699988,98.252
-6.100852459677928,4.963489983323058,0.057023390224677,0.0824132191995948,0.0671503387202145,0.1182083067815687,0.2371703417624457,0.2831366890820406,0.2799925435397585,0.306976945167881,0.1494501721682185,0.0780046623957864,-8.480152500793698,-14.612694664685858,1172.857
-6.057190829127552,4.966387046782265,0.0409807114501037,0.0542469550233,0.0508720806646972,0.0937843484750455,0.1373515250050981,0.1503584588769123,0.1484489009011215,0.1688814750555808,0.1246791868935482,0.0694511014772752,-11.56391316856184,-18.60748973722923,34.648
-6.053406843723452,4.967301579693049,0.0291245757396948,0.0490603389123738,0.0296133899098356,0.0956799162835893,0.2361589806059659,0.2680915215762995,0.2697111825064078,0.2925794924214735,0.1142789822829477,0.0490455936640501,-7.726440548878397,-13.866115088986016,35.101
-6.05597031935011,4.968035904572765,0.0324497880109733,0.0549139702956016,0.0332198978088651,0.1066263340142296,0.237824386782206,0.2659282013332309,0.2540138878502349,0.2885121884586244,0.1137469107573765,0.0515271797902396,-6.932702565571639,-14.901008102352543,14.812
-6.037789500302539,4.969488789049692,0.0336322883459723,0.0512899146083805,0.0378672885692725,0.0927188989595841,0.1883039854972039,0.2148686469106351,0.2100327143603462,0.2373867837301755,0.1349855976463374,0.0675288149802866,-9.067786862344118,-14.346330790679612,74.351
-5.5800071056303935,5.10084967240214,0.050530795058371,0.0730663283575206,0.0598692051788977,0.1074749578023723,0.2350791870740868,0.2733299596559779,0.2752402687032412,0.2963113322879255,0.1330639599442683,0.0701077849605765,-6.5312610121157375,-12.676838873448464,1473.441
-6.056768949253859,4.966543372907939,0.0365108479130066,0.0491261870552927,0.0463688982398075,0.0867905073309853,0.1398000828290389,0.1549649971268944,0.1493228791376291,0.1780500859274702,0.1590608496408341,0.0904441537619647,-7.485081820006084,-16.85340266692606,17.554
-6.041798209446778,4.968319065948318,0.0386470742302491,0.0621513563656169,0.0459918577170301,0.1005111112621904,0.2035061015326457,0.2339152240267843,0.2309765070424027,0.2533800733402889,0.1204407538988006,0.0591293461431225,-7.82886998604264,-14.883509199312162,1189.972
-6.050140810579118,4.967255605934295,0.0387734344635669,0.0522498309063881,0.0481035534525684,0.0875027902525189,0.1498905233093324,0.1665095654891429,0.1652604082690681,0.1883401833789804,0.1341973725019272,0.0701429777465092,-7.327040890358277,-15.292801007103533,621.645
-6.038217645558192,4.97037287105867,0.0310024522191397,0.0505878276656919,0.0323647509690371,0.09435536638721,0.2187187655538396,0.2494694884938904,0.2427551981285277,0.2770263733041559,0.1240624675963354,0.0559043957397581,-8.088588073114977,-13.68609182405177,27.141
-6.039194522359692,4.968911267685522,0.0376684280554822,0.0625400256022294,0.0462449699615081,0.1001428567748501,0.2114676260912912,0.2421606937557181,0.2400642451424771,0.2616549874400044,0.1262385898843621,0.0619443344331755,-8.055831783427685,-14.993222050883832,2546.995
-6.039802705569788,4.969837443189953,0.0337150004866012,0.0520279662967738,0.0356369499022425,0.0929301715566445,0.1954427906012131,0.2187857655650478,0.2186606757595377,0.244402542432486,0.130762455612421,0.0662775429881225,-8.360034021393531,-14.192868194939086,10.261
-6.039164467727644,4.9700467136924695,0.0323530853657478,0.0509240915613061,0.0352005921808069,0.0921496214661574,0.2000649170989417,0.2289745558119384,0.222024176008401,0.2513018501127361,0.1229312757025405,0.0592557057700516,-8.790017601946138,-14.405921012223189,56.792
-6.047000667307285,4.967652438019328,0.038000425062281,0.0518394899938969,0.0474495321131767,0.0862984710931777,0.1426147272231731,0.1635867249077938,0.1593263000313272,0.1906320037993978,0.1422992334086844,0.0721667253337007,-8.356512096031283,-14.016949812253374,2084.162
-6.039373898021755,4.969359384401581,0.0320263960715477,0.051548053909175,0.0340153974356435,0.0950769871574166,0.2022751274246048,0.2303309663247739,0.2243477126013003,0.2528944152412075,0.1246109982281167,0.0587944156866892,-8.018499151447543,-14.256394432572067,55.759
-6.052687648131721,4.968045213009292,0.0282432685253682,0.0505139714487016,0.0294585098700943,0.0999931434357095,0.2438142256500557,0.2768909357343055,0.2773078725461128,0.3042184578272167,0.1167336994502929,0.0490333615383488,-6.730000033410136,-13.964781584929916,10.272
-6.056874846920564,4.96718457556906,0.0349806455771971,0.0509237695567575,0.0409118005648533,0.0909023794056199,0.1696249574346939,0.1882607872852445,0.1791913385150388,0.211619271613746,0.1341462659511987,0.0703949907158955,-7.258595473618273,-13.9217299476025,84.451
-6.0588887394206985,4.966675583696792,0.0330630826411309,0.0553009313997275,0.0357775611930686,0.0965171901794634,0.1892236209869586,0.2122890712546656,0.2184797599722429,0.2333315010801601,0.1148994069272032,0.0541378492891637,-6.143818711067863,-14.37399816203932,6.592
-6.059084466592692,4.968986031081959,0.0452176263366462,0.0715572885032427,0.0494974146802293,0.1153862301639076,0.2373376740742537,0.2701096990350949,0.2675178799336238,0.2918380101605997,0.1310044014857987,0.0639502562203649,-5.911005809963794,-13.490786509089109,269.72
-6.055477125886919,4.967284541417278,0.0302422167922412,0.0508886631200004,0.0331117602257458,0.0979081232813005,0.2155283387063319,0.2421967814693797,0.2394886612261813,0.2668113411229273,0.11372969576903,0.0522840113241962,-7.165543511494823,-14.282050545124536,22.296
-6.057404177089061,4.966307991277338,0.0481581356250128,0.0609220341226812,0.0611944063708691,0.0955344908444558,0.1335268643447908,0.1464020375351784,0.1368986436244794,0.1620038191266989,0.1003359330912768,0.0551111873112997,-11.601670735509366,-19.54257964312504,20.812
-6.054406485364139,4.966700199190886,0.03599695466276,0.0527047377281433,0.04390879914278,0.091319630631638,0.1742797005801838,0.1941888295303141,0.1951252125493564,0.2170130264032916,0.1246204749001868,0.0628436547964055,-9.7552056358711,-15.414452923531236,24.567
-6.04919759190757,4.967425949999341,0.0434564734084033,0.0543100506327475,0.0509129480872893,0.0866632041040636,0.1503649024353116,0.1629501706341462,0.1502487230506524,0.1858675469988655,0.1203620982891047,0.0632356018576853,-7.570462965208301,-15.120065449832156,271.073
-6.053939099064845,4.968170894088023,0.029880762876848,0.0512177965461702,0.0305158475934827,0.0989728796532598,0.2445652536416457,0.2780557671845969,0.2795554184938891,0.304089834124355,0.1123598285650802,0.0483047449803453,-7.266210102830072,-12.549330133038746,14.9
-6.102085047938734,4.964257636859287,0.0492687869320945,0.0699845642180034,0.0588464802786695,0.104556744088805,0.2489878700459984,0.3073127200484175,0.294725020650689,0.3299860885276746,0.1528514837743469,0.0746351156930381,-7.683053921117734,-15.126703260506188,662.341
-6.046244845673581,4.968916294176217,0.0374525336145952,0.0498253381779618,0.044489865210159,0.082980658758331,0.1376723831242605,0.1527288030153392,0.1572168914953599,0.170279978862586,0.1269735683989082,0.0682767727097647,-9.483836681539836,-15.24919572682187,630.241
-6.057315711671208,4.967070051982664,0.0328037328243988,0.0462047499592674,0.0384333334749436,0.078504749160636,0.1371270588032768,0.1532575905550527,0.1528890585626355,0.1732044110897742,0.1288603063454762,0.0684964402600099,-8.225231027953395,-17.21205877055925,57.246
-6.052701638534009,4.970795240286869,0.0301945009182149,0.0482219122161114,0.0309279192484877,0.0903901030985534,0.218368777390664,0.2503880622927509,0.244402874229624,0.2740436587640275,0.1117604922206974,0.0489034692830896,-7.540524107319855,-14.227188622116984,57.078
-6.048765676286089,4.967430327741567,0.0336395369964359,0.0526323409379761,0.0399483044141082,0.0926776691913802,0.1821085222009985,0.2043746121049026,0.2069798178841399,0.2288928059653076,0.1213892445498207,0.0602173693847863,-8.199813768463144,-14.547035231158285,188.388
-6.045938777409881,4.967717909965861,0.0418420835421006,0.0590974596454418,0.0535188816948324,0.0932003395989928,0.1431933958004532,0.1563969525389505,0.1595012698382467,0.1845481775757824,0.1391368322484479,0.0737795087301458,-7.51879676712697,-13.9120610556058,1209.213
-6.05463134701255,4.966680602231984,0.0391940629146076,0.0573672598055654,0.0528189144440886,0.0977370670291202,0.1593188326347672,0.1777539463039168,0.1790656466368803,0.2020991573124441,0.1346474144421359,0.0690023750698697,-9.1153896405472,-15.885998087188016,228.342
-6.04722667287079,4.967646655897652,0.0376839522410788,0.0492809122472346,0.0474524486029671,0.0794937500063128,0.1323870763157469,0.1488780388231011,0.1459253380213536,0.1691624140492766,0.1408489881259565,0.0700254240199117,-9.040467072879595,-16.464422900673114,898.932
-6.052899606439433,4.969308481571499,0.0275343218865662,0.048286525377909,0.0289947461573628,0.0918568649471311,0.2423021208431761,0.2782104308322323,0.2743869528679524,0.3023719511042206,0.1116476273258863,0.0479294909985136,-6.961820286579265,-13.601194190795928,25.162
-6.053530304741536,4.967826783644329,0.0298271572671187,0.0493445853228395,0.0313285110051887,0.0970046532209552,0.230362687833519,0.2640993145314974,0.2560340104444984,0.290100420590383,0.1139466139391796,0.0514463629264718,-6.8156956395231445,-13.789909023732369,25.747
-6.052593525557639,4.96691713035754,0.0538583624780782,0.0698248309687384,0.073874071186937,0.1008127542413972,0.1441750805321577,0.1550941670288306,0.1503846283146256,0.171540872709876,0.1338730583697356,0.0701015180329213,-10.006002673439776,-16.63439597653849,123.155
-6.05541927352647,4.9667132287540285,0.033390432000034,0.050222946815098,0.0431569005117438,0.0882540224758777,0.1549749383852706,0.1701519958529807,0.1761784940503796,0.1894662091153643,0.1163230322358166,0.0555525819639297,-8.68637417078519,-15.23157636728756,229.739
-6.055860082308126,4.966662555342644,0.0309767349593202,0.0510023692638539,0.0332755503747391,0.0972506761828251,0.2023616739487284,0.2257837539195207,0.2295253816015021,0.2499473775199625,0.1104161607293812,0.0508044856031584,-7.933982133342655,-15.000940784075532,58.114
-5.580019308007638,5.104330597421325,0.0526965284573385,0.0712630825778067,0.0601933105840055,0.1018574112974214,0.2481560545210915,0.3060905151605405,0.3084223555822074,0.3321156704910321,0.1335098246817463,0.0704715497394318,-6.877348077640321,-14.702143767854048,699.127
-6.04676956331842,4.967658350497413,0.0363000009407978,0.0548316371722733,0.0461974552341999,0.0897357932736653,0.1550451263570502,0.1771184891411771,0.181923325672,0.2019428322889523,0.1389474962933575,0.068900847290915,-9.654755132893303,-13.274409055634257,1754.553
-6.038449372343418,4.969323256735118,0.0320653425260358,0.0488870670343493,0.0381894331277424,0.0895518180571767,0.17415173530629,0.198190283266448,0.1972135254516505,0.2238306858886226,0.1396027017677626,0.0724340659689822,-9.758830622205824,-15.288759696077982,82.401
-6.055640115034586,4.966687841839707,0.0330738358145972,0.0502348016540596,0.0408087215156852,0.0914176131183065,0.1648334472942514,0.1922883099665791,0.1897730737243236,0.2166934742652996,0.11571117510087,0.0569869599428901,-7.4536225564497105,-14.525073591566963,83.195
-6.047725013608833,4.969887847258018,0.0353050796373429,0.0518990684644485,0.0427733278919285,0.0946472502557228,0.1901187939627709,0.2209772246303849,0.2228081267860156,0.2483961991997314,0.164611685273508,0.0955524128135435,-9.387143408667912,-15.94243815332516,553.684
-6.058836612003163,4.967376002170635,0.0334690354903135,0.0553496624902521,0.0374095598787271,0.100987310626886,0.2031020304903564,0.2189660745022059,0.2175270760977127,0.2392345180013256,0.125439003059505,0.0589761427286917,-6.4781692352334,-13.973754549407431,16.764
-6.037773596142816,4.9704616808410655,0.0298601352449229,0.045727871921593,0.0320794772658799,0.0897908773638207,0.2090472137127575,0.2422826847413907,0.2300584449533474,0.2648534679130928,0.1225418080261128,0.0563287159012681,-8.566958729241229,-13.770702599539618,29.759
-6.046196994247849,4.969359418923536,0.0352067790878147,0.0489921190286592,0.0417605091296767,0.0826159301324416,0.1429665243221541,0.1573016145219237,0.1822733898536633,0.1849391489210775,0.1586408424680516,0.0893314385060536,-9.885998199113306,-15.325082813278785,741.961
-6.0383618477788135,4.968456991450535,0.0380446521694975,0.0608817488271331,0.0474721993966398,0.0989889634776297,0.1858548349582278,0.2149985156991283,0.206428946797532,0.2383179128903686,0.1281555581629175,0.065810610620852,-9.168497100033964,-15.109300072375976,367.774
-6.093695382577887,4.96424335421746,0.6368060900172607,0.6014923777071959,0.574476823992334,0.6109672541243172,0.6059478097256469,0.6134396810620367,0.6284632910730068,0.6056923139619746,0.5199088109830512,0.4633973746382444,-8.553870589745493,-15.671830623702776,792.595
-6.038113557802707,4.968906016256983,0.0364469577379631,0.0583556220974593,0.0455085799910462,0.0945161032228276,0.1863647091469317,0.2156192694089217,0.2141802212442267,0.2370394292088353,0.12596711722956,0.0650011825478389,-7.899409461352589,-14.555368987210722,3217.162
-6.052523843778961,4.967383579539417,0.0379945854995204,0.0538857868303704,0.0420478850369879,0.0943098147659737,0.1788691195285865,0.2068765661639812,0.1923013547602442,0.2250319779322636,0.1023491519848404,0.047603553589654,-9.451406503946725,-16.238055317494528,3.466
-6.044526178468746,4.967883254124783,0.0397630509178517,0.0636075007902868,0.0492158480241137,0.0984710168724848,0.1897354608243804,0.2204122877474558,0.2196986431918911,0.2422699596417152,0.1340251687345868,0.0691411877524549,-7.636539252207867,-14.224749295520848,5986.912
-6.059662532273704,4.968371349880286,0.0316698900040829,0.057096013497558,0.0333828672441236,0.108250891149954,0.2198060196749328,0.237581424686846,0.2344746398435395,0.2589330867349949,0.1179211177532201,0.0523988129041829,-8.197213702201607,-14.87865196628039,9.651
-6.053284489525213,4.966891302678066,0.0445405070100152,0.0572574679327161,0.0579025318319536,0.0936048927689403,0.1428545150953002,0.1606014397828387,0.1552989031443615,0.1844863277447374,0.1313805075071531,0.0655241377054387,-9.01671365711042,-15.941114861268714,154.392
-6.052884212177011,4.970123580690647,0.0299647205466697,0.0474860404890705,0.029961167626688,0.0903509287904261,0.2219184439774293,0.2548016023313132,0.2543664917778445,0.2822784294836009,0.1165801199521812,0.0511953461373165,-8.043526825871474,-14.103972481892242,23.475
-6.039376297004702,4.969977257521719,0.0322080441465905,0.0486480103526501,0.0346494490828027,0.0926666403730273,0.1905449622899773,0.2202155813637878,0.2165795094400618,0.2434923778036506,0.1280939065355249,0.0633043190756155,-9.311304481967769,-14.574792650422731,48.54
-6.059446487705657,4.968416133691324,0.0356502118279511,0.0636244284034887,0.0374689569177012,0.1184301085650061,0.2322844759173267,0.253955895373435,0.2536707348849836,0.2756189219874785,0.1250115339916777,0.0573287528447421,-6.6699858534915935,-13.434857606791278,4.798
-6.064002002925714,4.9704862132242384,0.0361945392101826,0.0570074508248952,0.0400958934910816,0.09475431885258,0.2381831931800382,0.2832580456079617,0.2877461497910844,0.3100809486209084,0.1311273922564921,0.0632900937092092,-7.82433120606436,-14.102733335888905,111.886
-6.056663559258846,4.967239461700901,0.032583871242829,0.0504482176395193,0.0369588292135852,0.0913474546754906,0.1735438067965677,0.1952352314706771,0.2037966050372059,0.2157494921888681,0.1309335326905566,0.069394906856284,-6.742749545772736,-14.507036330284656,32.664
-6.038987779176464,4.968950624673077,0.0373862251880116,0.0605248720100035,0.0460011481979012,0.0999559084979855,0.2072325277516022,0.2403248756186289,0.238957484170389,0.2628896217413095,0.1316270027309656,0.0663398814444639,-8.079710136816864,-14.228678230636836,1955.774
-6.05945597452397,4.9676351308755695,0.0316480103608892,0.0534711259651446,0.0354699416087654,0.1013192183998154,0.1905782351193036,0.2091354769382509,0.2064494512577767,0.2313602904360946,0.1267376792799306,0.0590591011355985,-9.40151052065156,-16.07599252165753,43.102
-6.05351355563227,4.96688274020641,0.0429131756473735,0.0560537997406681,0.0539171453817067,0.0907417238513762,0.1502494899732237,0.1674657978520199,0.1570302358752972,0.1855624099136204,0.1200355561638905,0.0587962839746143,-8.41906667476535,-16.762774651436317,68.098
-5.579770981887404,5.102902359204017,0.0467811335042093,0.0604080366862657,0.0517901857265361,0.0881865471538452,0.2222757165756726,0.2697352825233778,0.2652135362782454,0.2965973799200429,0.1192896788381985,0.060977411237364,-6.059585590869499,-13.867680797454256,1575.522
-6.101479079981395,4.96396062299795,0.0518453388395956,0.0761413568283541,0.0616830512281444,0.1096010177254171,0.2390772071809082,0.2924872937596451,0.2930122070645882,0.3271429768810838,0.1448444104043104,0.0709299144287735,-5.932049184364445,-12.58681082336724,905.985
-6.093599072056308,4.964033885208531,0.5079145017471022,0.4836858373460778,0.4646972000497797,0.5106009552800322,0.5203634408492979,0.5342185837015244,0.5187972876558474,0.5354962777646545,0.4510045804342443,0.3950007580366045,-8.442844838049439,-15.656480960754314,434.876
-6.038230596841187,4.969378137795667,0.0316978868582016,0.0486012679238946,0.0371400678116239,0.0881561309237754,0.1751557056644863,0.200625108266824,0.199573121089504,0.230782922706862,0.1377174118793524,0.0724316992917407,-9.598837052305916,-15.656681023092188,33.722
-6.052632872024244,4.971048220632565,0.0300978812546927,0.0463294917591294,0.0317561015502502,0.0842490663215265,0.196506435992354,0.2240056774500062,0.2157325404048976,0.2491764391756664,0.1107367805505202,0.0496141533446261,-7.573731749019631,-14.28277330756719,24.685
-6.053834251083,4.968363456356112,0.0305500000068065,0.0509501690897396,0.0338720342049659,0.0959317791828159,0.2348591574420363,0.2676696652325533,0.2599744059776855,0.2953847523210413,0.1144328815010139,0.0507099163481744,-6.991485187237477,-13.67392404437718,15.56
-6.055004894672168,4.967229083737502,0.0297961016659135,0.0504239823479773,0.0320171193267076,0.0991832196901915,0.2368901685006537,0.264355336331715,0.2632708470700151,0.2893905065322326,0.111345169017628,0.0472510158510531,-7.111567176129421,-14.615751894058866,24.54
-6.059177644997812,4.96957445660755,0.0601629987043611,0.0824829800264195,0.0693530890551237,0.118146657420103,0.2289335333523762,0.271349869599088,0.2722546998269471,0.2910558008774169,0.1521199815082509,0.0818030471510548,-6.6956263044833,-13.560554175463135,590.393
-6.041601891780434,4.968405312190831,0.0383215488094732,0.061702032594813,0.045127730327678,0.0990673161153567,0.2001015621156232,0.2323354393698016,0.227066215597705,0.2521354264873856,0.1227721445180418,0.0604244276635178,-8.103267530973099,-14.310662588999044,1827.513
-6.059334719291995,4.966611442694484,0.0359049148257758,0.0417800007672127,0.0395944064672468,0.0661413585230455,0.1089630483697026,0.1159211006899506,0.1074249995209402,0.1303168653052742,0.0918872880102214,0.0488920339840953,-14.213876982220636,-20.76421424550028,13.433
-6.039595059207813,4.969905528028747,0.0317988135772994,0.0493933055360438,0.0350540680873949,0.0922468630439144,0.1913560159378132,0.2194226252830635,0.2152079665812395,0.2428824552540052,0.1297980559200553,0.0650494077069274,-8.232295901926031,-13.715023054091008,162.259
-6.061002610786952,4.969777824433147,0.0449038107676792,0.0679383570301542,0.0539361560065851,0.1024487720870244,0.2017412332030901,0.2305404732885449,0.2259236228960636,0.2449565699401293,0.1234434343098483,0.0637259958950671,-7.577236969564096,-14.470872094470872,2253.609
-6.039859779202549,4.968784624507599,0.0368778015659246,0.0595527586127127,0.044024194136945,0.0978197776831066,0.2143342509132087,0.2450693971864841,0.2452573010441807,0.2685270435437686,0.1207543290101611,0.0568472828482023,-7.2573260987279475,-13.922196111538378,912.783
-6.054631900039024,4.968512033712386,0.0301027963111587,0.0482694917405813,0.0317109318213316,0.0885612709668733,0.2126988994746895,0.2424230477188604,0.2332715227189711,0.2633068620653476,0.1126011032926834,0.0496077123713695,-6.58901693621889,-15.172213027462998,55.229
-6.048533659651609,4.967432679261392,0.0388925105491851,0.0521125107179296,0.0466648515932103,0.0867722555424304,0.1548652776568494,0.1721287695270903,0.1597017887805371,0.1931848481234084,0.117526553273201,0.0638784671337046,-8.08939417546211,-15.122337820624384,1000.264
-6.093409617508078,4.963621833973671,0.624662158248992,0.5936491089690852,0.5737229453417128,0.605815847479217,0.6101707765654324,0.6173122028593891,0.6072779046489868,0.6043835713336471,0.5198519726510175,0.4761222748308238,-8.920635517119832,-16.617107669481488,985.598
-6.052504522645236,4.968188319234897,0.0288962744583299,0.0510043185882453,0.0304005924505035,0.1008473344330157,0.2398530025158163,0.2709170130478134,0.2582945010603534,0.2982936559543077,0.1170597792327858,0.0503022004862037,-6.560439251856669,-14.44886445745769,28.646
-6.038006881005126,4.969434258069986,0.0316472130472067,0.0503763514224792,0.0360083614186559,0.0904529575711569,0.1888483932644531,0.2176130947883467,0.2152746591364612,0.2413544772016639,0.1335209504625684,0.067107856028235,-9.36235903145798,-14.6315564866628,126.825
-6.056817552603762,4.967678834012544,0.0382193898108679,0.0632225232708262,0.0467530057263212,0.1118148176549956,0.2291732428565457,0.2601027929056105,0.2535947519121889,0.2897696871054969,0.1710186317298091,0.0913487714758674,-9.40680789312772,-14.67841829308683,104.252
-5.580154493594425,5.104702357567258,0.0537010163390515,0.073002456192946,0.0607293816338546,0.1049104170411648,0.2406519882942437,0.291560040577098,0.2830646902600352,0.3104263363653678,0.1369742536247029,0.0732866235260333,-7.281376587574198,-14.5401469028228,993.058
-6.052744079007395,4.967363127499795,0.0376304505413447,0.0510203557829921,0.04328396910702,0.085697710210737,0.1620842211953253,0.178767176416084,0.1645794731641442,0.1946653997852602,0.1173447849034656,0.054865904559995,-8.490495487822091,-14.85585040262535,4.164
-6.053414222861104,4.968015011044011,0.0299564412100461,0.0508111863981111,0.0315588136282512,0.0991457628559763,0.241631612611019,0.2750503354658514,0.268295935377226,0.3007438998606245,0.1143635598911067,0.0496677973134032,-6.286664503172581,-14.27892031941935,22.953
-6.042812578965514,4.968048922376162,0.0392940121280088,0.0633191793526786,0.0482213154335317,0.0999005431343662,0.1982182977437174,0.224319678105701,0.2208478228006531,0.2457152832942192,0.1244454808296071,0.062638483211473,-7.790450725563104,-14.290637064427663,730.878
-6.04083130067353,4.969952000301336,0.0303224851034852,0.0457938292606191,0.0360841924515147,0.0808782767022653,0.1533394768670365,0.1736801362022543,0.1663863086098347,0.1981513138202319,0.126305664702935,0.0654172436448344,-8.658327710506592,-15.413523498309551,12.604
-6.039963300668516,4.970177000474562,0.0319271953147206,0.0508805744167467,0.0368505065153176,0.0907034632510732,0.1827432479508019,0.2047120788940102,0.1975376668788895,0.231706169270281,0.13622187575124,0.0690237328007414,-7.545652693079733,-14.483375366281985,35.008
-6.05525380025624,4.967258314641432,0.0296302877127014,0.0499903555902732,0.0325049921246198,0.0959296103963997,0.2241606548831951,0.2532263842305758,0.249263452041371,0.2810178418752506,0.11146336940768,0.0485168353492132,-7.041021121761052,-14.078736395363784,35.555
-6.042217808695459,4.968134727347068,0.0400907699867237,0.0641449607946577,0.0467281115543377,0.0996942848005,0.2024563104418957,0.2340789583277439,0.2281956809819703,0.2536921218277336,0.1207809907768259,0.0594860294504149,-8.158473365166719,-15.315564285368742,1039.834
-6.101683415722532,4.964060777782333,0.0514781543201152,0.074355125042415,0.0601819641131097,0.1063514822411093,0.2323461495068596,0.2888966944134911,0.2844293051912662,0.3155958503358551,0.1395933089823565,0.0690182891944825,-6.129833194013598,-12.197283933811416,402.745
-6.060918546469394,4.967278689377875,0.0352894162836466,0.0554665115036568,0.041820999174982,0.0936366228495585,0.2179723496309889,0.2551901242699692,0.2481442875119208,0.276827728263813,0.1121306105135963,0.0527394567375764,-6.403788448089773,-13.351124604649566,4165.188
-6.051087586709943,4.967169512073614,0.0398814481433401,0.0520117449823846,0.0497861278088802,0.0874548912619022,0.1401890162204174,0.1560500460736294,0.1614044268334165,0.1754150682180485,0.1396822942571437,0.0730108964823661,-8.424682049512885,-14.775144407871576,140.386
-6.038162754883082,4.96987370197346,0.0356741333262253,0.0576559597766459,0.0381327138415404,0.1001021121002714,0.2030497066997816,0.2280188525947392,0.2259254430122327,0.2547395589839374,0.1333869830693416,0.0677295028722498,-8.718902864828364,-14.645940223271367,67.851
-6.056905548239112,4.968114834908515,0.0347238782253889,0.0557897548703043,0.036586282811081,0.1051381062038059,0.2392849309857269,0.2709621472897719,0.2673979688003646,0.3013293721683949,0.1458803553332927,0.0736472494521704,-7.788965649398291,-14.71777331269011,28.747
-6.054829436156398,4.968103798736363,0.0291856658693159,0.0498396097899646,0.0298619168029309,0.0971476678263342,0.2375184872248498,0.2706503894138983,0.2687268920678826,0.2949063555480466,0.109715012610717,0.0460235800458224,-6.505919754394598,-13.118848271091862,18.906
-5.5798215540486575,5.103097423248419,0.04564560082459,0.0644372264159663,0.0525189517743494,0.0907424710464054,0.2296675946910168,0.2775561660276048,0.273608801631153,0.2998153905426791,0.1226905237587071,0.0624113362250997,-5.295006703343422,-14.008983499714232,1463.398
-6.052112441762487,4.969032683271005,0.0297113561387158,0.0496773737561652,0.0311528813898942,0.0955586430758742,0.2329569470453059,0.2636208496103852,0.2640939011917275,0.2881678855772745,0.118396272377695,0.0508558469272013,-7.408278286627798,-13.92807846827543,13.025
-6.052964222687796,4.967342683882728,0.0310088908512722,0.0464869604763795,0.0332943273820203,0.0880082144853828,0.195358589089694,0.2230839065380968,0.2254899235144195,0.244443012270556,0.1149806098777495,0.0528647759258999,-7.673008779064358,-14.147090305206977,10.577
-6.093508359005567,4.963836590286189,0.5570428455713744,0.5468189695898908,0.533044533821408,0.5603037318569638,0.5612650205279487,0.5656579268069515,0.5580552025027038,0.5640880685050442,0.4790525799782775,0.4219365839883496,-8.210449996149428,-14.735105114467162,831.412
-6.056446644559567,4.9686518152703805,0.0333097542433085,0.0603969462241178,0.034627989977219,0.1164055128500459,0.2560167018896043,0.2822776832653366,0.2771630177212732,0.3082188308441204,0.1203626790119491,0.0529508909101553,-6.918468996616044,-13.826824957946965,28.319
-5.579874493730206,5.103932357506702,0.0497802879421793,0.0655559219936832,0.0575560070259115,0.0954360423354327,0.2223614214489302,0.2741953472649386,0.2513937412330946,0.299064883978032,0.1268381567612012,0.0682026230794725,-6.999489368462055,-15.36626088867462,465.224
-6.047339289414343,4.970128292264461,0.0297635900823495,0.0510408981757634,0.030714309876067,0.1002107527009215,0.2517616536963502,0.291566637917962,0.2880482637306879,0.3223249050745209,0.1214311573461997,0.0503129544246004,-6.826820357079534,-13.521757408794882,1942.982
-6.100797056005407,4.963265109593247,0.0588243019614908,0.080569770442642,0.0675250633756151,0.122757917688016,0.2533108332367089,0.303671297231637,0.2879060170440528,0.3273503888622369,0.1563994905562041,0.0831397965323309,-8.453951177252629,-14.995023048122064,814.578
-6.056994552581894,4.9685558340369935,0.0323666670945006,0.0599225611948077,0.032931807058357,0.1126237488568991,0.259297279291885,0.2868147670110471,0.2918318915508681,0.3130415680552054,0.1165791325226893,0.0494381679795473,-6.710243213389034,-14.421998998150832,36.524
-6.048604335230584,4.970101086469697,0.0375114503262076,0.0502224766425756,0.0483111960148285,0.0895143322412799,0.1589691231850348,0.1884998310739656,0.1869891412284437,0.2220399537968171,0.1940859245283306,0.1189119593952044,-9.13895685824662,-15.884912065769964,43.518
-6.059558548952857,4.966579251295233,0.0441971210972622,0.0468631666011723,0.0490287892192375,0.0659640130352711,0.0853759525351661,0.0940104171595868,0.0903152409597133,0.105780864618624,0.0854395426727774,0.0500073661108223,-11.477315911610132,-19.271260535262595,11.426
-6.0531633707850725,4.971243186452399,0.031791285473015,0.0523099832665395,0.0316401013880715,0.0950263126638234,0.2343455952436186,0.2660206507658192,0.2648536431557435,0.2924173439265104,0.1126319793968535,0.0480412011193946,-5.136454843244355,-14.730498446536316,72.69
-6.048995683049143,4.967427996510805,0.0424217870260806,0.055293276703104,0.0530207670178819,0.0857628922640009,0.146476000788364,0.1698762556720287,0.1591996590127336,0.1917404241003888,0.1245730205292397,0.0668709812899853,-8.896322338245827,-15.681392948656551,462.086
-6.060760893116557,4.967116303938029,0.0370040186026878,0.0584997043404381,0.043235617243825,0.1004211931992101,0.2254878559769107,0.2649075821445475,0.258841117021396,0.2877554177178949,0.1126673446807462,0.0518341790790182,-5.778115265813021,-13.630242737814443,859.346
-6.048309591827697,4.9674349501408175,0.0373538722192987,0.0508897867862214,0.0459748087728277,0.0873850224817052,0.1453534456897289,0.1645975334847226,0.1633256182264774,0.1872208525525762,0.1211091874761784,0.0644834028596573,-9.116769147150473,-15.191510213488147,860.904
-6.046173032467007,4.969581314457459,0.0346998316479272,0.0497948567573025,0.0414720916960382,0.0849413133994323,0.1535266470698039,0.1802610457069154,0.192255477818329,0.2103214142796965,0.165469555061744,0.0879351599032018,-8.159387489862453,-15.177565709260286,806.504
-6.053041281436567,4.96776886040079,0.0294775613311561,0.0501846743339103,0.0303776456069936,0.0960181210060729,0.2345631651384764,0.2708734987172709,0.2675356471139833,0.2968612180787763,0.1170563958553718,0.049474004643459,-6.897089738356086,-13.673624817043017,3.964
-5.57843896652693,5.103885966712746,0.0517288012669195,0.0672244930111274,0.0585565031506121,0.0972334447102873,0.2311215405352414,0.280140790610096,0.2802775372323152,0.3048788811256354,0.1321980574268948,0.0686474679591687,-8.310675576730144,-14.965089921738633,755.535
-6.037493847751678,4.968618991614775,0.0386459817400741,0.0601543572001701,0.0473219968044465,0.0968221640135532,0.1897865914552143,0.2204103207376403,0.2203792703862722,0.2473876128594081,0.129117260439646,0.0662628172592665,-8.600102040061403,-14.503671669508844,306.131
-6.038668596166603,4.970282680669885,0.0303028713317109,0.0500829385159335,0.0321901187244047,0.0949689184844091,0.2163305713392392,0.2472869046787555,0.2377545601134566,0.2701909647801438,0.124464528056214,0.0564533792045974,-7.403686665149188,-14.122505856761835,39.556
-6.060441728288514,4.966787558913969,0.0439097878886228,0.0595360590681686,0.0520250853245793,0.0878676688961558,0.1549122915429584,0.1751198326758409,0.1739061021324942,0.1918516531207804,0.110180467461883,0.0602656358347858,-6.815773712554759,-13.2987486544798,466.744
-6.061505344786873,4.970227123927945,0.047144575571736,0.069484490067777,0.0573335594071422,0.1033816946891405,0.1910308444651507,0.2177072061320483,0.2187052565232172,0.2376447430732896,0.1257078791005632,0.068710510041249,-8.43472586041971,-13.773920527752946,376.842
-6.052778162256553,4.969745077511,0.0291947451467483,0.0473128818385934,0.0287061866041336,0.0920048279656191,0.2378104195377584,0.2737673679903402,0.2721244067711345,0.3006745822096274,0.1099451690596544,0.0470188981174664,-6.257167210169326,-13.747427704953097,41.623
-6.052822299651173,4.966908579047572,0.0517644804142402,0.0669885848409272,0.0695638832218907,0.0999522137073276,0.1373283632188477,0.1521619230991124,0.1500984663857714,0.1702641376771756,0.1221614993245577,0.0640868832511126,-10.403940833217456,-15.988223507713345,141.138
-6.06083734463775,4.96963012392491,0.0444111201931139,0.0695032233558911,0.0546513577584803,0.1025436349554661,0.1985815803572561,0.2376494013494061,0.248417148919988,0.2538469533968863,0.1309354830349847,0.0697606105123392,-8.06389714095484,-15.25302776318464,2416.525
-6.047155154429439,4.970243074452825,0.0301927967975705,0.0501299151361493,0.0301107624277346,0.0969088975276987,0.2471063615659535,0.2877483912696272,0.2805216989022189,0.3155229607628563,0.1199059335483332,0.0484191520265856,-7.0445079311606085,-14.317256474922765,908.695
-6.05302016240143,4.968875077567007,0.0289687548056686,0.0485591880131787,0.0311469938085555,0.0918430159977187,0.219643016824472,0.2553817028216039,0.2552098187473646,0.2816463112074071,0.1161068603711851,0.0520516525730049,-6.641364231445705,-14.51079951299578,28.44
-6.056312224776122,4.967988881139589,0.0321878169816107,0.059013028640155,0.0329584601790645,0.1132346865312904,0.2562688640153348,0.2865408576029005,0.2799886608789415,0.3092472115547323,0.1147024522262882,0.0508955147640555,-6.416852158136373,-14.722497393457608,65.621
-6.051762733898933,4.967159813838442,0.0353060758315058,0.052284050871174,0.0396182279169308,0.0923111394299233,0.1809088665221813,0.2066882673195142,0.2115925739334605,0.229770636885478,0.1227568762400482,0.0571666669399174,-6.6099188650924825,-14.002812116408563,50.404
-6.093004888875403,4.962863571790633,0.5631817160371396,0.5312728116716195,0.5046025455300833,0.5471446011956721,0.541723607456553,0.5570530162636855,0.565189833463399,0.558923969068939,0.4845912817875072,0.4457090685521011,-14.193018011471109,-20.55051984654224,620.019
-6.03799533956608,4.9704173322518015,0.0304058275100573,0.0488118247091266,0.0309704387878269,0.0922997460222325,0.218110387465237,0.2550592057381731,0.2512209382461937,0.2819451960307119,0.1226361470636786,0.0557994925152711,-8.385447973436134,-14.04427141067396,13.141
-6.045491325135011,4.967750479194765,0.0377617599143191,0.0523873940677509,0.0483216592402224,0.0902663277440063,0.1557612574443397,0.1778471236024209,0.1742688666795917,0.2010100670221896,0.140992131998192,0.0775455980610524,-7.87503320924358,-14.036101443704965,2031.558
-6.037677437759228,4.969016539916377,0.0385316651605436,0.0587269520997394,0.0495307727199813,0.0956770809515931,0.1878209665847756,0.2152708772765963,0.2206005919313592,0.2388757191636364,0.1371894299553894,0.0727601435655294,-8.99915677324723,-14.485490901813325,795.048
-6.0591136890623165,4.966643231392559,0.0317995771718393,0.0531266719658025,0.0352395424819618,0.0963563925880783,0.1869192245171091,0.208597206001964,0.2090401362681368,0.2300763710841195,0.1149405600040974,0.0546112611076016,-10.338822681988578,-18.558368501859626,9.725
-6.059249188679863,4.967548615945204,0.0326237088285392,0.0553949193478539,0.0353429298169728,0.1049363240473458,0.204307194953748,0.2254182930016901,0.2184289595290425,0.2485211700781436,0.1232674016248968,0.0567908540689824,-7.592986823042146,-13.491349740548609,18.34
-6.102291080144048,4.964358622948107,0.0486371186419816,0.0697917788589404,0.0570327961627962,0.0965171176750781,0.2119320349673092,0.2651495727189516,0.279919831101167,0.2785165275178723,0.1274220317349595,0.0633516094852554,-5.325163086067573,-13.127098062260348,774.29
-6.055028970203502,4.967691433808294,0.0310247246740633,0.051816850676691,0.0322963585659142,0.0997685007151661,0.2338817047679152,0.2634966134469859,0.2614721469234148,0.2886373432736393,0.1151255717679265,0.0497063495925328,-7.104605007696411,-14.594520147857043,26.49
-6.052861172062509,4.967909609927407,0.0281822881408793,0.0498053389175211,0.0297304239850175,0.0987817808354305,0.2460497499017392,0.2807659353492623,0.2761842346292431,0.3045707685209937,0.1155916967697568,0.0474289827680183,-7.589879896523905,-14.827886719437243,14.533
-6.040613211081912,4.97000853292471,0.0315436179185205,0.0487819108970318,0.0348286566341064,0.0866810633900905,0.1800568038416634,0.2090844490446483,0.2123954349141552,0.233684362341364,0.1205400660545868,0.061086643802117,-8.69647544848651,-14.611043063961672,17.769
-6.0564457116757,4.96729605180928,0.0313084812169741,0.0521642915095637,0.0359910939890414,0.0990994911296474,0.2027214571037365,0.2262655635118686,0.217850719749978,0.2482413070827747,0.1250312154554936,0.0619911779953677,-6.418619486179904,-14.529716893222774,68.801
-5.579663921873019,5.102489412637288,0.0432561755167752,0.0598309646894786,0.0490758883059277,0.0892701353657165,0.2197972060813112,0.2711853556171085,0.2664605749490499,0.2943131955696645,0.116854738343236,0.0616600677976148,-5.5271472843158005,-12.419660819666667,1405.581
-6.061784490356968,4.970508231215578,0.0468818107288954,0.0694456854976978,0.0564554987755775,0.1064035517247094,0.2135357061139419,0.2505442564660926,0.252036543944362,0.2729222559686844,0.1320788528385702,0.0682714883609975,-8.335556804681923,-15.260987666962473,278.442
-6.041308712767384,4.968792205550975,0.0354649150270526,0.0585867805880004,0.0416390256766798,0.0975528798176575,0.2170801305038444,0.2521510615313457,0.2500966919049368,0.2722798331056611,0.1165378395657417,0.0541482195826405,-9.797196588985988,-14.55057047778056,551.34
-6.038446295763441,4.970327140928702,0.0312196956372749,0.0505498735075115,0.0332367711417874,0.0965824168764325,0.2211218918543796,0.2532743005206397,0.2482706684609741,0.2783431105964383,0.124386389164328,0.0558518182772856,-7.959182641683637,-13.963950677610024,12.502
-6.055576015438442,4.968279252331758,0.0319242578717082,0.0557470734628506,0.032476675302498,0.1070416439087639,0.2528620771273807,0.2849877043939223,0.2907379136639595,0.3117199327047848,0.1183965216952425,0.050790077130657,-7.559643417102923,-13.7514884659774,34.785
-6.053298140893328,4.968203238385962,0.0298362405518043,0.0509160034560379,0.0314320916803608,0.099801778812261,0.2437290450988635,0.2776053374495978,0.271543097157886,0.3023836562231776,0.1124331071707881,0.0485541072786863,-7.391233314038989,-13.780006125255731,18.923
-6.05686092942726,4.967893757522381,0.0340413564973968,0.0581056779471494,0.0375162712629821,0.1094324592816627,0.2389384757411682,0.2732754218376289,0.2739971230595799,0.3048417847792982,0.1696340673682043,0.0853833051524677,-7.796271144859069,-14.285578554608367,34.382
-6.048395963629053,4.970179442098011,0.0301956817094523,0.047250465164237,0.0327951733123867,0.0877821325536606,0.1961442815308647,0.2288891655676048,0.2441298857167249,0.2585211699539882,0.1520038927313032,0.0838574933347108,-8.32948651880413,-14.370604283890394,106.899
-6.061337415871782,4.9700770438834345,0.0462796776149355,0.0704898372683658,0.0572349710277992,0.106178153997049,0.2027957646726653,0.2360543621282876,0.2371652823928853,0.2533690052755195,0.1252622342558859,0.0653376797376599,-7.341482603714247,-14.47447519711757,717.77
-6.056357043341221,4.968209918148437,0.0312746822310392,0.0558289588223212,0.0325150722298679,0.1111722250266362,0.2491326812941779,0.2775095608101166,0.269756647916692,0.2988931346403957,0.1150450460127003,0.0511724805013039,-7.474889255542917,-14.62030683777177,21.64
-6.039154473251158,4.96941468035204,0.0316072039827073,0.0509990681246933,0.0343733898221941,0.0933956779665866,0.1999355941379474,0.226609490344585,0.2211210178242902,0.2506004189914567,0.1252026280672368,0.0599456785467721,-8.43223292331552,-14.76725736660716,173.543
-6.058387135916387,4.96785822956441,0.0311978832518115,0.0580404743104289,0.0349105841320112,0.1080100761756464,0.2201425911863409,0.2456409806144328,0.2547957658591055,0.2716879759119487,0.1307683334095209,0.0632426768926167,-7.803835660371428,-14.327456070052284,88.943
-6.059003453893716,4.96850796976253,0.0338112423298778,0.0583653413892951,0.0370211330819512,0.109495941155912,0.2205234127007393,0.2464361805610504,0.2492520697824247,0.2748474224532748,0.1517337298655247,0.0767964498342242,-6.793444789557784,-13.153419157285557,45.741
-6.054160580013658,4.9677641247349404,0.0318844203871125,0.0518936496212207,0.0335829804141222,0.0951715491958132,0.2176695207889356,0.2487525845058483,0.2478045741700197,0.2720124366977878,0.118458340233105,0.0551407290283499,-8.107558989907805,-13.49202215841898,10.997
-5.57994369118029,5.104122650920026,0.0521644424911387,0.0703967909731373,0.0601674833718838,0.100532094941701,0.2438315927000666,0.3035783812000945,0.3059574287082698,0.3263057392543635,0.1327986488924236,0.07032424195141,-6.50479240664951,-14.520140947008668,574.452
-6.044081366170225,4.967913071121286,0.0412703813795568,0.065532372172101,0.049864914864933,0.102327925819209,0.2094859352556325,0.2424362274928617,0.2351918638762781,0.2643690214950149,0.1314509326749939,0.0659508887930946,-8.123583205020601,-15.375987701716491,1097.083
-6.0593971817782775,4.969954725625017,0.0656766953230914,0.0909728820356777,0.0873299147239175,0.1368251684358564,0.2389395774168483,0.2818856025398787,0.2682416945190752,0.3048232281107013,0.1949686473330198,0.1198308452079861,-6.785346622198765,-14.692278831760728,2005.913
-6.050356171974787,4.967241081491569,0.0384053349034398,0.0517592721356112,0.0463497878906335,0.0843168470715184,0.1553195618805897,0.1767826423263469,0.1653845861844346,0.2019065987195734,0.1319469903279521,0.0654503788411062,-7.1660222713170745,-15.21250715995485,327.152
-5.580087332152255,5.10451766380917,0.0547328531414043,0.0725950888538643,0.0591995767763264,0.1038865391527768,0.2501755320702842,0.3032898409804684,0.3045954268226978,0.3301116800177006,0.1346622314824581,0.0712883997831578,-7.105186529104733,-14.553698654401598,572.267
-6.049921461439918,4.967270399243137,0.0405615255741749,0.0542914406222812,0.0515918652006125,0.0889141529861648,0.1510287250628915,0.1707810182061235,0.1636494911575721,0.1975619460819131,0.1313655088955568,0.0678880517955048,-8.568320036233319,-14.598702247018691,711.797
-6.043500546410675,4.968061690341731,0.0431469573953448,0.0634080716995294,0.0525336014744546,0.1021603149309162,0.1896897281314595,0.2162415496469652,0.2071311077699758,0.2342935720441307,0.1309415511755447,0.0675354198515667,-8.664358867730215,-15.206473463370688,417.653
-6.062179741718158,4.970289868226687,0.0421791525778628,0.0650478822005502,0.0545250845852039,0.0995738132588438,0.2016891536697492,0.2357439874339911,0.2346727122063353,0.2557499126104984,0.1208667796673411,0.062963391246937,-7.101570298839719,-14.470179635090387,569.799
-6.0374564393460535,4.96907254626523,0.0444443218725717,0.0643651690428792,0.0647757638593093,0.1006588117677276,0.1667483893996578,0.191404536770562,0.1893460162867933,0.2176029671172974,0.1741755085728936,0.1055083461863509,-9.4109279574231,-14.884283097697493,535.361
-6.058668548912434,4.96670725145748,0.0292435704041808,0.0465509308511533,0.0326522839335999,0.0848251291489238,0.1678758906153253,0.1921989828121238,0.1742052460962342,0.2114525398400229,0.1217784251507163,0.0564746195875902,-6.930769021192012,-14.186699157073994,24.605
-6.100689148087226,4.9628271304890905,0.0615664128239334,0.0899224194513662,0.0717340111795516,0.1286048232223177,0.2631418774071482,0.3102934026929933,0.3074712341559921,0.3381424793585907,0.1620538885344305,0.0859016077923895,-7.043505513933353,-13.14549530055655,1157.922
-6.040765302171537,4.968394897323383,0.0379735818960775,0.0604732852716197,0.0458850134716106,0.1008281955380343,0.2134156259033863,0.2479453880488114,0.2432049937186656,0.2702235778341043,0.1227225258656218,0.0602364088586081,-7.302671103531534,-15.763210763722302,316.095
-6.059291193191563,4.969771138302126,0.0967341794769473,0.1161041452333507,0.1063165817466484,0.1413349391681389,0.2450529602679302,0.2806757229889306,0.2850027038209934,0.2999930632396801,0.1794291077632387,0.1015157385866351,-6.510435786713992,-14.681942393280224,638.65
-6.054927234619101,4.967901684698504,0.0305994912394282,0.0514001702610166,0.0325927900670189,0.09915029917282,0.2323439350388028,0.2640786318833592,0.2586198546200915,0.2895353677113043,0.1135297704857724,0.0486892278987892,-6.177712913949668,-13.907256826392397,28.313
-5.579725370279372,5.102726428510884,0.0441760572426764,0.060136124816315,0.0496948396411997,0.0886577836501013,0.2184643783368636,0.2690022013665456,0.2641700541509186,0.2906870496051162,0.1171199669100205,0.0603225887729431,-6.501682823079807,-14.020387981176604,1145.976
-6.039638609524936,4.968826728080406,0.0376352370510196,0.059684178982617,0.0441777077101662,0.0982352784202889,0.2152903973299839,0.2489941551171987,0.2474471277946546,0.2689980512796925,0.1234073599456934,0.0585447555272359,-7.045749115497323,-14.839901519634068,1102.696
-6.054188571245736,4.966719190586099,0.0322785113233751,0.050363959262365,0.0365911163925469,0.0919411136704148,0.1873424677855876,0.2122122652816087,0.2035898482411242,0.2374736859940635,0.114042554309122,0.0563798636834684,-7.804149658661622,-14.643193346189424,19.522
-6.052318281317868,4.968333860227139,0.0291294665986657,0.0529969523579614,0.0314946653105312,0.1005832369705058,0.2323982238668592,0.263572473605743,0.275465536291674,0.2916021194627586,0.1222814581058067,0.0530137169497382,-7.485030795524167,-14.027462616669196,10.865
-6.050579363845127,4.967226028866498,0.0392728817538689,0.0526232203815953,0.0456367800201652,0.0860133029709933,0.1549809343860311,0.1751613516297381,0.174593555977789,0.2017843239893347,0.1307381361217822,0.0666722021996975,-7.87678630588919,-14.707398701605628,31.748
-6.053414659909604,4.970844661886504,0.0312460164902573,0.0483165255005834,0.0307210175415216,0.0867348303544824,0.2072237248895532,0.2397782166504254,0.2335881371745618,0.2657216015256057,0.1082644903495655,0.0475432197579135,-6.786384753807228,-13.94162525049881,108.886
-6.054729818916481,4.968309671290051,0.0302000845340475,0.0493989834719795,0.0301773727366353,0.0944936437311314,0.2327369509233257,0.2646617809342126,0.2652176246804706,0.2891308578899351,0.1116356791454856,0.046584238269824,-6.118544111230817,-15.250208696167606,42.196
-6.059513909939727,4.970156915362089,0.0555464859632341,0.0806203213891773,0.0728652002912876,0.122626589641139,0.2348726522003968,0.2784011837893074,0.2772436886394963,0.3047749351435652,0.1941572423081192,0.1144793387455116,-6.444206169788671,-14.440650331115076,330.671
-6.059065909859258,4.969380915327104,0.055695850386345,0.07746401440532,0.0659804402091158,0.1117734991512391,0.220881455018801,0.2613759639654798,0.2562059295015956,0.28153048237434,0.1612203234111122,0.0888707886034406,-6.58884905814737,-13.752480880634511,767.136
-6.055894304785608,4.967333533617674,0.032395169276239,0.055848305284093,0.0376252537561675,0.106653560533867,0.2229294893726454,0.2489476319591878,0.2429569498335911,0.2725711855595394,0.1215920342795424,0.0556550001883405,-6.37702816448577,-13.208675692018463,13.349
-6.057914928569076,4.967819663820311,0.0304929537331789,0.0482573862518033,0.0341471983641639,0.089205604660086,0.1702494035476537,0.1970174019122164,0.2041473690742953,0.2249441439561002,0.132230219796477,0.0608469440502151,-7.074152216764598,-14.907592359105378,189.32
-6.051953812904849,4.969449208483827,0.0281307364086116,0.046705672796579,0.0291548688674407,0.0937917021991942,0.2433016142231443,0.2781159999913628,0.2726423369182761,0.3078966104156582,0.1126690093904203,0.0470096537280294,-5.611664894151196,-13.989871332601115,6.183
-6.0578458866109335,4.9673746703611785,0.033525569614353,0.0562081860150465,0.0385989032339949,0.1024335868499449,0.1994938365014796,0.2195270028798389,0.2234020248872821,0.240194600078627,0.1266969619609635,0.0621689464378206,-7.994182366702251,-14.077033741963868,2.816
-6.054856208652778,4.966661005191811,0.0431898393393017,0.0623248095145475,0.0592773920374588,0.1002505522577768,0.1631641025188916,0.1763340428812235,0.1777481800237013,0.1988891605145844,0.1324270954205766,0.0672622344296529,-7.933130264042338,-15.10378583128974,174.424
-6.059731524110876,4.968852310826666,0.0410136014570371,0.0618649563704759,0.048232415684704,0.1007520770748793,0.2070849961901115,0.2404262694766966,0.2461550832173582,0.2683675080285234,0.1494486861814886,0.077626950748391,-7.712967599920676,-13.926579639605288,263.801
-6.061982251159873,4.97039897513109,0.0457171329926696,0.0698134864193084,0.0572999146300114,0.105551228906716,0.2118621725743862,0.2430176459903733,0.2449341864910441,0.2618066175975872,0.1296893152976258,0.0674326522457488,-8.035970093681723,-14.69558911397099,805.507
-6.037947110227825,4.969931273291394,0.0321243865719848,0.051194918940473,0.0346558003179306,0.093923709264607,0.1994483487067032,0.2328618131735686,0.2251832335935014,0.2547255675485838,0.1284121078179611,0.0638004251038947,-8.957425089082498,-15.353258131829074,72.037
-6.0540469068253,4.967972895716344,0.0291631980255473,0.0523577835883586,0.0316455165482112,0.1024531305037981,0.2527579467636479,0.2834400907789189,0.285089173368391,0.3088527909289358,0.1177719960118409,0.0506258022336387,-7.572310144538183,-13.693145848554163,1.602
-6.092795333155152,4.962426513558693,0.4146257595490601,0.4059172855847973,0.3984399922065816,0.446354993268595,0.4769993279192409,0.4979126243520591,0.4825989765635993,0.502784158946094,0.4475449146608176,0.3975227147593337,-10.23361232274036,-16.67349773893142,777.911
-6.0481830030536345,4.970259523249758,0.0297972858394476,0.0506090759896089,0.0313732825895807,0.0952889727992562,0.2294943984582122,0.2633723536722734,0.2679209527674117,0.2964367235586539,0.1211498716278941,0.05642926124532,-7.744235976305659,-14.69275175916026,40.263
-6.052959352937424,4.969093690429679,0.0289006796392502,0.0476740019407025,0.0304875958445042,0.0929115560086176,0.2305994898384672,0.2662612549460532,0.264106374097863,0.2934016072861501,0.1186720498583533,0.0532471539963831,-5.814270336743069,-14.511760743219916,26.784
-6.058342796013391,4.967641949300667,0.0323653940026086,0.0587545380918933,0.036015268133999,0.1110180664722246,0.221504073144522,0.2430117021838521,0.2430125499828272,0.2691168808350632,0.1186251921091067,0.0561623410704886,-6.899943581069574,-14.143476157087058,10.532
-6.0403995667795565,4.97006391316055,0.0327170464277015,0.050855021703721,0.0353511399672001,0.0893704655238344,0.1936583993304127,0.2187289433891763,0.2183409298271066,0.2394258250541324,0.1274108032385508,0.0633063286951574,-7.90695835354038,-14.048700351338876,63.614
-6.04002747325844,4.969194680178675,0.0328309000699017,0.0529503396954166,0.036556706354275,0.0913790303815301,0.1937023758862945,0.2198698661955791,0.2133723259832337,0.2398434683351646,0.1257614582992065,0.0613476227500898,-8.619979522809855,-15.60563549555099,48.235
-6.049719363783727,4.967284029012377,0.0361373518421259,0.0499068758654422,0.0420197797954993,0.0857186749109489,0.1657989758283456,0.1860658791934492,0.1784404052108374,0.2096814098933961,0.1247274999037157,0.0618156215621882,-8.879827375834571,-14.791957581028262,749.211
-6.051318710692017,4.967166192143303,0.0383330499674027,0.0517379900589712,0.0478668654055114,0.0900358583276783,0.1602516140553979,0.1803511019789786,0.1685976143513871,0.2012532356955123,0.1405528094905097,0.072641141642856,-9.11667170505504,-15.00234482168372,72.801
-6.042425891733545,4.968043312009678,0.0393472479768318,0.064693860734902,0.0479725659379355,0.1024430567598968,0.208131627182048,0.2391889494395074,0.2411261631915571,0.2603435989762645,0.1262924207483278,0.0621463166112924,-7.155676747516741,-14.689737862945282,1515.8
-6.039416474608671,4.968869015314473,0.0383310074084351,0.0590977153777067,0.0451596449436572,0.0984735609790193,0.2112798620450315,0.243744415150681,0.2382103221368063,0.2647927244100877,0.1257159919202226,0.0607431040644998,-7.325555522827832,-14.710579980040611,1000.055
-6.059663612161636,4.967722002109374,0.0335039828825047,0.0568469483468492,0.0365816953197374,0.1006967808704002,0.1878936417463977,0.201834404670586,0.2082032224826388,0.2195239819712558,0.1199508493418915,0.0577438978541453,-12.391294805338353,-19.59928926246073,10.302
-6.047536550762982,4.970005327508944,0.0306122034898627,0.0518812714555,0.0323266105126526,0.0984369480319447,0.2406332252010451,0.2791392357293832,0.2814301715563919,0.3077596616694483,0.1273481363777892,0.058717542769924,-6.874320329034554,-13.305925992644516,557.46
-6.051875035746495,4.969656059949703,0.0279934009262904,0.0468409474680669,0.0275846022226912,0.091274621983117,0.2382635397682133,0.2768287591623573,0.2732213233075973,0.3045233455557507,0.1091478004698624,0.0442791038244811,-6.240505172471531,-13.792377001654,9.223
-6.092701896859516,4.962231638817315,0.4023999936247276,0.3978237299848411,0.3897111881334903,0.4298300046789444,0.4625378012404604,0.4861755045036138,0.4779779706718558,0.4887284664279324,0.4372162735058089,0.3813811813875781,-8.642429025314142,-18.03445799563553,600.856
-6.057880495163046,4.967597731452626,0.0318418920977745,0.0551637665060273,0.0347858108485721,0.1086565025050092,0.2221533774045875,0.2447279542306991,0.2456243255150478,0.2724703526803972,0.1225635156450742,0.0576688360951438,-6.889042380731127,-14.34437830804579,6.324
-6.037705785858923,4.968579436432224,0.0379654530823785,0.0642474597536034,0.0458850547683935,0.1036237938034645,0.1990748930290329,0.2273154897799843,0.2245491967299144,0.2490423348094325,0.1249113939544793,0.0619648175060143,-8.354917943196977,-14.454976116368448,496.351
-6.044298860412093,4.967898491921159,0.0413524601150357,0.0634387196803921,0.0497436384473744,0.1003765480638662,0.1965013171298914,0.2283751972025991,0.2352660743739263,0.2491119968072148,0.1354074636640135,0.0685399476252338,-8.429740149290414,-14.74545144905532,340.886
-6.053646505603218,4.9676383631162375,0.0308961078742055,0.05142927237561,0.0334499157372666,0.0960156532751424,0.2211230962258305,0.2515439974954084,0.2477981393712426,0.2755643817676506,0.1150408601309543,0.0512258880716542,-7.292310199419233,-14.40916427076534,57.827
-6.043274549971284,4.968057496159643,0.0467303218991449,0.0692467352942555,0.0591503823708436,0.1058109831997052,0.1823340103952838,0.2046477541618169,0.1981211200647176,0.2210806661535866,0.1219780753928286,0.0630549636935662,-8.87625309677579,-14.107370213845147,305.354
